{"city": "Brussels", "avg_temp": -1.4760000000000002, "avg_rain": 46.9, "high_temp": 1.17, "low_temp": -3.66, "temp_range": 0.03200000000000003, "rain_range": 13.799999999999997, "summary": "Brussels: \ud83c\udf27\ufe0f Avg -1.5\u00b0C (0\u00b0C range), 47% rain (14% range)\nHigh 1\u00b0C / Low -4\u00b0C", "graph_file": "docs/brussels_comparison.png"}