{"city": "Paris", "avg_temp": 6.168000000000001, "avg_rain": 60.1, "high_temp": 6.9, "low_temp": 5.0, "temp_range": 0.09600000000000097, "rain_range": 16.200000000000003, "summary": "Paris: \ud83c\udf27\ufe0f Avg 6.2\u00b0C (0\u00b0C range), 60% rain (16% range)\nHigh 7\u00b0C / Low 5\u00b0C", "graph_file": "docs/paris_comparison.png"}