{"city": "Paris", "avg_temp": 13.203999999999999, "avg_rain": 30.1, "high_temp": 14.75, "low_temp": 11.8, "temp_range": 0.6879999999999988, "rain_range": 12.200000000000003, "summary": "Paris: \ud83c\udf27\ufe0f Avg 13.2\u00b0C (1\u00b0C range), 30% rain (12% range)\nHigh 15\u00b0C / Low 12\u00b0C", "graph_file": "docs/paris_comparison.png"}