{"city": "Paris", "avg_temp": 7.621, "avg_rain": 73.80000000000001, "high_temp": 9.2, "low_temp": 5.87, "temp_range": 0.0019999999999997797, "rain_range": 2.799999999999997, "summary": "Paris: \ud83c\udf27\ufe0f Avg 7.6\u00b0C (0\u00b0C range), 74% rain (3% range)\nHigh 9\u00b0C / Low 6\u00b0C", "graph_file": "docs/paris_comparison.png"}