{"city": "Paris", "avg_temp": 10.466999999999999, "avg_rain": 0.0, "high_temp": 12.52, "low_temp": 7.47, "temp_range": 0.026000000000001577, "rain_range": 0.0, "summary": "Paris: \u2600\ufe0f Avg 10.5\u00b0C (0\u00b0C range), 0% rain (0% range)\nHigh 13\u00b0C / Low 7\u00b0C", "graph_file": "docs/paris_comparison.png"}