{"city": "Paris", "avg_temp": 6.280000000000001, "avg_rain": 30.7, "high_temp": 7.77, "low_temp": 3.1, "temp_range": 1.160000000000001, "rain_range": 13.399999999999999, "summary": "Paris: \ud83c\udf27\ufe0f Avg 6.3\u00b0C (1\u00b0C range), 31% rain (13% range)\nHigh 8\u00b0C / Low 3\u00b0C", "graph_file": "docs/paris_comparison.png"}