{"city": "Paris", "avg_temp": 9.873999999999999, "avg_rain": 96.4, "high_temp": 11.18, "low_temp": 8.76, "temp_range": 1.1479999999999997, "rain_range": 7.200000000000003, "summary": "Paris: \ud83c\udf27\ufe0f Avg 9.9\u00b0C (1\u00b0C range), 96% rain (7% range)\nHigh 11\u00b0C / Low 9\u00b0C", "graph_file": "docs/paris_comparison.png"}