{"city": "Paris", "avg_temp": 13.005000000000003, "avg_rain": 71.6, "high_temp": 14.46, "low_temp": 10.1, "temp_range": 1.2100000000000026, "rain_range": 5.6000000000000085, "summary": "Paris: \ud83c\udf27\ufe0f Avg 13.0\u00b0C (1\u00b0C range), 72% rain (6% range)\nHigh 14\u00b0C / Low 10\u00b0C", "graph_file": "docs/paris_comparison.png"}